1,4,2019-09-21 00:05:00 +0000 UTC,2019-09-21 01:00:00 +0000 UTC,{12.989067 77.617657},{13.046322 77.621619},true,8530.100000m,cab 3
10,4,2019-09-21 00:00:00 +0000 UTC,2019-09-21 00:38:00 +0000 UTC,{12.920615 77.684075},{13.018532 77.688663},true,14767.900000m,cab 4
18,4,2019-09-21 00:00:00 +0000 UTC,2019-09-21 00:39:00 +0000 UTC,{12.920615 77.684075},{13.007611 77.714240},true,15393.700000m,cab 2
35,4,2019-09-21 00:20:00 +0000 UTC,2019-09-21 01:00:00 +0000 UTC,{13.064372 77.571984},{13.046322 77.621619},true,8875.400000m,cab 1
5,4,2019-09-21 08:45:00 +0000 UTC,2019-09-21 09:55:00 +0000 UTC,{12.895516 77.865601},{12.919648 77.668352},true,25423.200000m,cab 13
7,4,2019-09-21 16:00:00 +0000 UTC,2019-09-21 17:05:00 +0000 UTC,{12.920615 77.684075},{12.905125 77.543404},true,18371.400000m,cab 25
15,4,2019-09-21 16:00:00 +0000 UTC,2019-09-21 16:08:00 +0000 UTC,{12.920615 77.684075},{12.936131 77.700423},true,3629.500000m,cab 27
23,4,2019-09-21 16:00:00 +0000 UTC,2019-09-21 17:06:00 +0000 UTC,{12.920615 77.684075},{12.947541 77.580202},true,14953.600000m,cab 40
32,4,2019-09-21 16:00:00 +0000 UTC,2019-09-21 16:43:00 +0000 UTC,{12.920615 77.684075},{12.923888 77.570420},true,14948.000000m,cab 35
41,4,2019-09-21 16:00:00 +0000 UTC,2019-09-21 17:40:00 +0000 UTC,{12.920615 77.684075},{12.967933 77.501115},true,25752.800000m,cab 34
92,4,2019-09-21 16:00:00 +0000 UTC,2019-09-21 16:16:00 +0000 UTC,{13.046322 77.621619},{13.067262 77.641883},true,4609.300000m,cab 18
99,4,2019-09-21 16:00:00 +0000 UTC,2019-09-21 16:43:00 +0000 UTC,{13.046322 77.621619},{12.958163 77.568906},true,14232.700000m,cab 13
106,4,2019-09-21 16:00:00 +0000 UTC,2019-09-21 16:51:00 +0000 UTC,{13.046322 77.621619},{13.009833 77.612649},true,4863.200000m,cab 38
113,4,2019-09-21 16:00:00 +0000 UTC,2019-09-21 16:59:00 +0000 UTC,{13.046322 77.621619},{13.020343 77.699062},true,11323.700000m,cab 15
121,4,2019-09-21 16:00:00 +0000 UTC,2019-09-21 16:44:00 +0000 UTC,{13.046322 77.621619},{13.119971 77.612218},true,11926.000000m,cab 16
128,4,2019-09-21 16:00:00 +0000 UTC,2019-09-21 16:55:00 +0000 UTC,{13.046322 77.621619},{12.916614 77.550657},true,20472.200000m,cab 32
135,4,2019-09-21 16:00:00 +0000 UTC,2019-09-21 16:19:00 +0000 UTC,{13.046322 77.621619},{12.981090 77.611012},true,9511.600000m,cab 26
142,4,2019-09-21 16:00:00 +0000 UTC,2019-09-21 16:24:00 +0000 UTC,{13.046322 77.621619},{12.907254 77.601066},true,17390.400000m,cab 20
170,4,2019-09-21 16:00:00 +0000 UTC,2019-09-21 17:06:00 +0000 UTC,{12.920615 77.684075},{13.008738 77.526392},true,25802.600000m,cab 33
176,4,2019-09-21 16:00:00 +0000 UTC,2019-09-21 17:41:00 +0000 UTC,{12.920615 77.684075},{12.907223 77.689691},true,4002.400000m,cab 30
182,4,2019-09-21 16:00:00 +0000 UTC,2019-09-21 16:52:00 +0000 UTC,{12.920615 77.684075},{12.908599 77.649327},true,6989.400000m,cab 37
202,4,2019-09-21 16:00:00 +0000 UTC,2019-09-21 16:22:00 +0000 UTC,{12.920615 77.684075},{12.910143 77.677862},true,3663.300000m,cab 39
210,4,2019-09-21 16:07:00 +0000 UTC,2019-09-21 17:33:00 +0000 UTC,{13.053525 77.516508},{12.921477 77.669084},true,28959.700000m,cab 21
228,4,2019-09-21 16:00:00 +0000 UTC,2019-09-21 16:48:00 +0000 UTC,{12.920615 77.684075},{12.992990 77.661881},true,12619.400000m,cab 31
240,4,2019-09-21 16:00:00 +0000 UTC,2019-09-21 16:41:00 +0000 UTC,{12.920615 77.684075},{12.910620 77.606328},true,11049.200000m,cab 36
245,4,2019-09-21 16:00:00 +0000 UTC,2019-09-21 16:31:00 +0000 UTC,{12.920615 77.684075},{13.018073 77.665492},true,14960.100000m,cab 29
269,4,2019-09-21 16:00:00 +0000 UTC,2019-09-21 17:14:00 +0000 UTC,{13.046322 77.621619},{12.960531 77.508750},true,21622.200000m,cab 28
19,4,2019-09-21 04:13:00 +0000 UTC,2019-09-21 05:00:00 +0000 UTC,{12.993082 77.683763},{13.046322 77.621619},true,11942.700000m,cab 20
53,4,2019-09-21 04:11:00 +0000 UTC,2019-09-21 05:00:00 +0000 UTC,{12.881386 77.625678},{13.046322 77.621619},true,21166.500000m,cab 18
59,4,2019-09-21 04:05:00 +0000 UTC,2019-09-21 05:00:00 +0000 UTC,{13.034070 77.619497},{12.920615 77.684075},true,19850.500000m,cab 15
74,4,2019-09-21 04:05:00 +0000 UTC,2019-09-21 05:00:00 +0000 UTC,{12.956287 77.637187},{12.920615 77.684075},true,12259.500000m,cab 17
110,4,2019-09-21 04:00:00 +0000 UTC,2019-09-21 05:00:00 +0000 UTC,{12.849643 77.648050},{12.920615 77.684075},true,15456.700000m,cab 21
139,4,2019-09-21 04:15:00 +0000 UTC,2019-09-21 05:00:00 +0000 UTC,{12.951804 77.713794},{12.920615 77.684075},true,6026.600000m,cab 16
219,4,2019-09-21 04:24:00 +0000 UTC,2019-09-21 05:00:00 +0000 UTC,{12.987560 77.605319},{13.046322 77.621619},true,8133.900000m,cab 4
253,4,2019-09-21 04:17:00 +0000 UTC,2019-09-21 05:00:00 +0000 UTC,{13.114690 77.374609},{13.046322 77.621619},true,32080.100000m,cab 23
259,4,2019-09-21 04:20:00 +0000 UTC,2019-09-21 05:00:00 +0000 UTC,{12.972307 77.755519},{13.046322 77.621619},true,21731.200000m,cab 22
265,4,2019-09-21 04:27:00 +0000 UTC,2019-09-21 05:00:00 +0000 UTC,{13.019474 77.713029},{12.920615 77.684075},true,14651.400000m,cab 2
278,4,2019-09-21 04:29:00 +0000 UTC,2019-09-21 05:00:00 +0000 UTC,{12.858909 77.613768},{12.920615 77.684075},true,14927.200000m,cab 6
284,4,2019-09-21 04:23:00 +0000 UTC,2019-09-21 05:00:00 +0000 UTC,{13.114871 77.571378},{13.046322 77.621619},true,14324.900000m,cab 7
3,4,2019-09-21 05:26:00 +0000 UTC,2019-09-21 06:15:00 +0000 UTC,{12.974990 77.631945},{12.849120 77.658289},true,19617.600000m,cab 2
28,4,2019-09-21 05:20:00 +0000 UTC,2019-09-21 06:15:00 +0000 UTC,{12.915108 77.665128},{12.849120 77.658289},true,12449.200000m,cab 31
37,4,2019-09-21 05:28:00 +0000 UTC,2019-09-21 06:16:00 +0000 UTC,{13.051350 77.509412},{12.921477 77.669084},true,29140.500000m,cab 3
45,4,2019-09-21 05:20:00 +0000 UTC,2019-09-21 06:00:00 +0000 UTC,{13.019886 77.554358},{13.051540 77.595405},true,9498.900000m,cab 30
67,4,2019-09-21 05:20:00 +0000 UTC,2019-09-21 06:00:00 +0000 UTC,{13.004708 77.561664},{13.051540 77.595405},true,11247.700000m,cab 33
82,4,2019-09-21 05:20:00 +0000 UTC,2019-09-21 06:00:00 +0000 UTC,{12.974639 77.682976},{13.051540 77.595405},true,20232.500000m,cab 28
96,4,2019-09-21 05:00:00 +0000 UTC,2019-09-21 06:00:00 +0000 UTC,{12.883915 77.550540},{13.051540 77.595405},true,23158.900000m,cab 32
103,4,2019-09-21 05:15:00 +0000 UTC,2019-09-21 06:00:00 +0000 UTC,{12.913140 77.488896},{13.051540 77.595405},true,24073.400000m,cab 34
118,4,2019-09-21 05:00:00 +0000 UTC,2019-09-21 06:00:00 +0000 UTC,{12.917310 77.638192},{13.046322 77.621619},true,18682.800000m,cab 29
22,4,2019-09-21 11:20:00 +0000 UTC,2019-09-21 13:00:00 +0000 UTC,{12.896927 77.720528},{13.043767 77.616354},true,26874.400000m,cab 13
47,4,2019-09-21 11:22:00 +0000 UTC,2019-09-21 13:00:00 +0000 UTC,{12.875848 77.639818},{13.043767 77.616354},true,24878.700000m,cab 3
61,4,2019-09-21 11:22:00 +0000 UTC,2019-09-21 13:00:00 +0000 UTC,{12.828879 77.707558},{13.043767 77.616354},true,33213.100000m,cab 24
105,4,2019-09-21 11:06:00 +0000 UTC,2019-09-21 13:00:00 +0000 UTC,{12.916328 77.545330},{13.043767 77.616354},true,22664.100000m,cab 26
112,4,2019-09-21 11:25:00 +0000 UTC,2019-09-21 13:00:00 +0000 UTC,{12.942108 77.500629},{13.043767 77.616354},true,23441.400000m,cab 7
120,4,2019-09-21 11:15:00 +0000 UTC,2019-09-21 13:00:00 +0000 UTC,{12.897495 77.540240},{13.043767 77.616354},true,25568.400000m,cab 23
127,4,2019-09-21 11:25:00 +0000 UTC,2019-09-21 13:00:00 +0000 UTC,{12.881284 77.659833},{13.043767 77.616354},true,25302.900000m,cab 22
134,4,2019-09-21 11:18:00 +0000 UTC,2019-09-21 13:00:00 +0000 UTC,{12.852551 77.619517},{13.043767 77.616354},true,26109.800000m,cab 25
148,4,2019-09-21 11:15:00 +0000 UTC,2019-09-21 13:00:00 +0000 UTC,{12.940828 77.497312},{12.991484 77.697790},true,27201.800000m,cab 27
155,4,2019-09-21 11:15:00 +0000 UTC,2019-09-21 12:54:00 +0000 UTC,{12.982532 77.675129},{12.921477 77.669084},true,12072.700000m,cab 20
162,4,2019-09-21 11:26:00 +0000 UTC,2019-09-21 12:36:00 +0000 UTC,{13.069868 77.560379},{12.921477 77.669084},true,27628.200000m,cab 4
181,4,2019-09-21 11:25:00 +0000 UTC,2019-09-21 13:00:00 +0000 UTC,{12.975895 77.524332},{12.991484 77.697790},true,23069.700000m,cab 5
255,4,2019-09-21 11:25:00 +0000 UTC,2019-09-21 13:00:00 +0000 UTC,{12.993541 77.537750},{12.991484 77.697790},true,21903.800000m,cab 21
261,4,2019-09-21 11:02:00 +0000 UTC,2019-09-21 13:00:00 +0000 UTC,{12.925244 77.636802},{12.991898 77.703648},true,15934.000000m,cab 18
267,4,2019-09-21 11:26:00 +0000 UTC,2019-09-21 13:00:00 +0000 UTC,{13.067941 77.625550},{12.991898 77.703648},true,16435.700000m,cab 6
273,4,2019-09-21 11:20:00 +0000 UTC,2019-09-21 13:00:00 +0000 UTC,{12.881619 77.595882},{12.991484 77.697790},true,22790.500000m,cab 15
280,4,2019-09-21 11:00:00 +0000 UTC,2019-09-21 13:00:00 +0000 UTC,{13.015688 77.566140},{12.991898 77.703648},true,17949.600000m,cab 16
305,4,2019-09-21 11:08:00 +0000 UTC,2019-09-21 12:00:00 +0000 UTC,{12.980621 77.677784},{13.046322 77.621619},true,12617.800000m,cab 17
311,4,2019-09-21 11:00:00 +0000 UTC,2019-09-21 13:00:00 +0000 UTC,{13.015688 77.566140},{12.991898 77.703648},true,17949.600000m,cab 19
316,4,2019-09-21 11:00:00 +0000 UTC,2019-09-21 12:02:00 +0000 UTC,{12.920615 77.684075},{13.001025 77.569363},true,21169.700000m,cab 14
58,4,2019-09-21 01:01:00 +0000 UTC,2019-09-21 02:00:00 +0000 UTC,{12.919325 77.606591},{13.046322 77.621619},true,16986.000000m,cab 2
156,4,2019-09-21 14:30:00 +0000 UTC,2019-09-21 15:36:00 +0000 UTC,{12.920615 77.684075},{13.006115 77.533631},true,25026.000000m,cab 15
163,4,2019-09-21 14:30:00 +0000 UTC,2019-09-21 15:19:00 +0000 UTC,{12.920615 77.684075},{13.073505 77.651125},true,23728.800000m,cab 8
169,4,2019-09-21 14:30:00 +0000 UTC,2019-09-21 15:12:00 +0000 UTC,{12.920615 77.684075},{12.988291 77.669898},true,12218.100000m,cab 14
189,4,2019-09-21 14:33:00 +0000 UTC,2019-09-21 16:00:00 +0000 UTC,{12.993832 77.508357},{12.991484 77.697790},true,25770.500000m,cab 17
222,4,2019-09-21 14:45:00 +0000 UTC,2019-09-21 16:37:00 +0000 UTC,{13.069046 77.493899},{12.921477 77.669084},true,32590.100000m,cab 22
232,4,2019-09-21 14:35:00 +0000 UTC,2019-09-21 16:00:00 +0000 UTC,{12.920807 77.546665},{12.991484 77.697790},true,23061.600000m,cab 7
239,4,2019-09-21 14:32:00 +0000 UTC,2019-09-21 15:00:00 +0000 UTC,{12.976160 77.680850},{12.920615 77.684075},true,9751.700000m,cab 13
281,4,2019-09-21 14:54:00 +0000 UTC,2019-09-21 16:00:00 +0000 UTC,{12.903024 77.584160},{13.046322 77.621619},true,19369.500000m,cab 5
287,4,2019-09-21 14:54:00 +0000 UTC,2019-09-21 15:46:00 +0000 UTC,{13.080670 77.589375},{12.921477 77.669084},true,27761.000000m,cab 11
312,4,2019-09-21 14:35:00 +0000 UTC,2019-09-21 15:00:00 +0000 UTC,{12.987500 77.622735},{13.051540 77.595405},true,11459.700000m,cab 2
157,4,2019-09-21 17:30:00 +0000 UTC,2019-09-21 18:20:00 +0000 UTC,{13.043767 77.616354},{12.845071 77.644306},true,28618.400000m,cab 3
183,4,2019-09-21 20:30:00 +0000 UTC,2019-09-21 22:03:00 +0000 UTC,{12.991484 77.697790},{12.776589 77.695126},true,34824.700000m,cab 1
191,4,2019-09-21 20:30:00 +0000 UTC,2019-09-21 21:42:00 +0000 UTC,{12.991484 77.697790},{12.922768 77.486124},true,28475.200000m,cab 2
283,4,2019-09-21 20:35:00 +0000 UTC,2019-09-21 22:00:00 +0000 UTC,{12.856271 77.562070},{13.046322 77.621619},true,25361.200000m,cab 3
197,4,2019-09-21 16:30:00 +0000 UTC,2019-09-21 16:54:00 +0000 UTC,{12.920615 77.684075},{12.917452 77.672813},true,3031.300000m,cab 5
4,4,2019-09-21 07:15:00 +0000 UTC,2019-09-21 07:24:00 +0000 UTC,{12.920615 77.684075},{12.951726 77.697954},true,4306.800000m,cab 12
29,4,2019-09-21 07:09:00 +0000 UTC,2019-09-21 08:00:00 +0000 UTC,{12.898341 77.618014},{13.043767 77.616354},true,21875.600000m,cab 14
38,4,2019-09-21 07:14:00 +0000 UTC,2019-09-21 08:00:00 +0000 UTC,{12.917695 77.697340},{13.043767 77.616354},true,22493.600000m,cab 16
46,4,2019-09-21 07:11:00 +0000 UTC,2019-09-21 08:00:00 +0000 UTC,{12.963625 77.534555},{13.043767 77.616354},true,18308.900000m,cab 34
54,4,2019-09-21 07:00:00 +0000 UTC,2019-09-21 08:00:00 +0000 UTC,{12.949216 77.701452},{12.920615 77.684075},true,4380.700000m,cab 15
60,4,2019-09-21 07:13:00 +0000 UTC,2019-09-21 08:00:00 +0000 UTC,{12.922274 77.619335},{13.043767 77.616354},true,17603.900000m,cab 17
68,4,2019-09-21 07:14:00 +0000 UTC,2019-09-21 08:00:00 +0000 UTC,{12.932727 77.539738},{13.043767 77.616354},true,20838.100000m,cab 33
83,4,2019-09-21 07:08:00 +0000 UTC,2019-09-21 08:00:00 +0000 UTC,{12.903207 77.555834},{13.043767 77.616354},true,23312.500000m,cab 32
90,4,2019-09-21 07:03:00 +0000 UTC,2019-09-21 08:00:00 +0000 UTC,{12.975057 77.769675},{13.043767 77.616354},true,24291.900000m,cab 19
97,4,2019-09-21 07:16:00 +0000 UTC,2019-09-21 09:58:00 +0000 UTC,{13.039668 77.535067},{12.921477 77.669084},true,25806.900000m,cab 25
104,4,2019-09-21 07:25:00 +0000 UTC,2019-09-21 09:00:00 +0000 UTC,{13.023736 77.653817},{12.982539 77.591772},true,10448.200000m,cab 4
119,4,2019-09-21 07:03:00 +0000 UTC,2019-09-21 08:00:00 +0000 UTC,{12.917596 77.490467},{13.043767 77.616354},true,24944.100000m,cab 29
133,4,2019-09-21 07:15:00 +0000 UTC,2019-09-21 08:45:00 +0000 UTC,{13.024070 77.692833},{12.849120 77.658289},true,29434.300000m,cab 22
140,4,2019-09-21 07:00:00 +0000 UTC,2019-09-21 09:30:00 +0000 UTC,{12.917597 77.601826},{12.919648 77.668352},true,7861.200000m,cab 23
147,4,2019-09-21 07:05:00 +0000 UTC,2019-09-21 09:25:00 +0000 UTC,{13.056378 77.612013},{12.919648 77.668352},true,22640.800000m,cab 24
154,4,2019-09-21 07:10:00 +0000 UTC,2019-09-21 09:20:00 +0000 UTC,{12.865761 77.599805},{12.919648 77.668352},true,13877.900000m,cab 31
161,4,2019-09-21 07:00:00 +0000 UTC,2019-09-21 09:15:00 +0000 UTC,{13.077254 77.588950},{12.919648 77.668352},true,26348.700000m,cab 26
180,4,2019-09-21 07:10:00 +0000 UTC,2019-09-21 09:20:00 +0000 UTC,{13.052357 77.492256},{12.919648 77.668352},true,29445.500000m,cab 27
199,4,2019-09-21 07:00:00 +0000 UTC,2019-09-21 08:06:00 +0000 UTC,{13.046322 77.621619},{12.881146 77.556031},true,22944.300000m,cab 18
226,4,2019-09-21 07:10:00 +0000 UTC,2019-09-21 08:30:00 +0000 UTC,{12.957341 77.754198},{12.982539 77.591772},true,20466.100000m,cab 21
237,4,2019-09-21 07:25:00 +0000 UTC,2019-09-21 08:00:00 +0000 UTC,{13.079921 77.626730},{13.043767 77.616354},true,8093.300000m,cab 7
260,4,2019-09-21 07:19:00 +0000 UTC,2019-09-21 08:00:00 +0000 UTC,{13.014001 77.530404},{13.043767 77.616354},true,15914.700000m,cab 38
266,4,2019-09-21 07:25:00 +0000 UTC,2019-09-21 08:00:00 +0000 UTC,{13.074765 77.516683},{13.043767 77.616354},true,14911.200000m,cab 6
279,4,2019-09-21 07:20:00 +0000 UTC,2019-09-21 08:00:00 +0000 UTC,{13.096076 77.485183},{13.043767 77.616354},true,19572.100000m,cab 37
297,4,2019-09-21 07:00:00 +0000 UTC,2019-09-21 07:43:00 +0000 UTC,{13.046322 77.621619},{13.063420 77.717796},true,13444.100000m,cab 20
310,4,2019-09-21 07:00:00 +0000 UTC,2019-09-21 08:00:00 +0000 UTC,{12.917452 77.672813},{12.920615 77.684075},true,4259.100000m,cab 13
8,4,2019-09-21 19:36:00 +0000 UTC,2019-09-21 20:30:00 +0000 UTC,{13.085163 77.740889},{12.991898 77.703648},true,20241.100000m,cab 8
33,4,2019-09-21 19:30:00 +0000 UTC,2019-09-21 20:33:00 +0000 UTC,{12.849120 77.658289},{12.948600 77.685435},true,17410.600000m,cab 20
49,4,2019-09-21 19:30:00 +0000 UTC,2019-09-21 20:25:00 +0000 UTC,{12.991484 77.697790},{13.055708 77.641861},true,14286.900000m,cab 19
78,4,2019-09-21 19:31:00 +0000 UTC,2019-09-21 20:41:00 +0000 UTC,{13.040779 77.667479},{12.921477 77.669084},true,19366.800000m,cab 11
301,4,2019-09-21 19:50:00 +0000 UTC,2019-09-21 21:00:00 +0000 UTC,{12.971350 77.690832},{13.046322 77.621619},true,14736.200000m,cab 12
13,4,2019-09-21 10:00:00 +0000 UTC,2019-09-21 10:40:00 +0000 UTC,{13.046322 77.621619},{13.055625 77.645021},true,4618.400000m,cab 4
30,4,2019-09-21 10:00:00 +0000 UTC,2019-09-21 10:31:00 +0000 UTC,{13.046322 77.621619},{13.064372 77.571984},true,9546.200000m,cab 1
39,4,2019-09-21 10:00:00 +0000 UTC,2019-09-21 11:00:00 +0000 UTC,{13.083839 77.594986},{13.046322 77.621619},true,9468.900000m,cab 7
55,4,2019-09-21 10:05:00 +0000 UTC,2019-09-21 13:00:00 +0000 UTC,{12.828782 77.682411},{12.991898 77.703648},true,28506.900000m,cab 9
168,4,2019-09-21 10:20:00 +0000 UTC,2019-09-21 12:15:00 +0000 UTC,{13.073313 77.566752},{12.849120 77.658289},true,33718.000000m,cab 8
221,4,2019-09-21 10:16:00 +0000 UTC,2019-09-21 12:00:00 +0000 UTC,{12.983163 77.488034},{12.991484 77.697790},true,27748.600000m,cab 10
17,4,2019-09-21 23:33:00 +0000 UTC,2019-09-21 00:00:00 +0000 UTC,{13.044374 77.573733},{13.046322 77.621619},true,7526.700000m,cab 2
184,4,2019-09-21 23:50:00 +0000 UTC,2019-09-21 01:00:00 +0000 UTC,{12.904590 77.636553},{13.046322 77.621619},true,19786.600000m,cab 2
21,4,2019-09-21 08:00:00 +0000 UTC,2019-09-21 09:00:00 +0000 UTC,{12.866469 77.585784},{12.920615 77.684075},true,16999.000000m,cab 46
213,4,2019-09-21 08:00:00 +0000 UTC,2019-09-21 09:00:00 +0000 UTC,{12.949271 77.688766},{13.051540 77.595405},true,22070.300000m,cab 44
230,4,2019-09-21 08:00:00 +0000 UTC,2019-09-21 09:45:00 +0000 UTC,{13.008793 77.644369},{12.849120 77.658289},true,23691.000000m,cab 45
272,4,2019-09-21 08:29:00 +0000 UTC,2019-09-21 09:45:00 +0000 UTC,{12.918734 77.543684},{12.849120 77.658289},true,21392.900000m,cab 2
304,4,2019-09-21 08:05:00 +0000 UTC,2019-09-21 09:30:00 +0000 UTC,{12.987154 77.549442},{12.991484 77.697790},true,19767.600000m,cab 1
325,4,2019-09-21 08:00:00 +0000 UTC,2019-09-21 10:09:00 +0000 UTC,{13.025089 77.604694},{12.921477 77.669084},true,20647.300000m,cab 43
88,4,2019-09-21 02:00:00 +0000 UTC,2019-09-21 02:22:00 +0000 UTC,{12.920615 77.684075},{12.923654 77.540795},true,18985.900000m,cab 4
95,4,2019-09-21 02:00:00 +0000 UTC,2019-09-21 03:00:00 +0000 UTC,{12.975960 77.553918},{13.046322 77.621619},true,15015.500000m,cab 15
102,4,2019-09-21 02:05:00 +0000 UTC,2019-09-21 03:00:00 +0000 UTC,{12.943863 77.616201},{13.046322 77.621619},true,14632.200000m,cab 10
109,4,2019-09-21 02:00:00 +0000 UTC,2019-09-21 02:52:00 +0000 UTC,{12.920615 77.684075},{12.805889 77.699287},true,19858.600000m,cab 6
124,4,2019-09-21 02:00:00 +0000 UTC,2019-09-21 03:00:00 +0000 UTC,{12.927341 77.597062},{13.046322 77.621619},true,15756.300000m,cab 13
131,4,2019-09-21 02:00:00 +0000 UTC,2019-09-21 03:00:00 +0000 UTC,{12.946154 77.560534},{12.920615 77.684075},true,17626.800000m,cab 17
138,4,2019-09-21 02:00:00 +0000 UTC,2019-09-21 03:00:00 +0000 UTC,{12.801789 77.711664},{12.920615 77.684075},true,21521.300000m,cab 9
145,4,2019-09-21 02:10:00 +0000 UTC,2019-09-21 03:00:00 +0000 UTC,{12.907321 77.639044},{12.920615 77.684075},true,8110.900000m,cab 5
150,4,2019-09-21 17:00:00 +0000 UTC,2019-09-21 18:07:00 +0000 UTC,{13.043767 77.616354},{13.314480 77.562446},true,37233.700000m,cab 26
164,4,2019-09-21 17:00:00 +0000 UTC,2019-09-21 18:40:00 +0000 UTC,{12.920615 77.684075},{13.067713 77.504343},true,32284.600000m,cab 11
190,4,2019-09-21 17:00:00 +0000 UTC,2019-09-21 17:54:00 +0000 UTC,{12.920615 77.684075},{12.931956 77.551553},true,18386.700000m,cab 7
233,4,2019-09-21 17:00:00 +0000 UTC,2019-09-21 17:57:00 +0000 UTC,{13.043767 77.616354},{12.917596 77.490467},true,25358.100000m,cab 8
257,4,2019-09-21 17:00:00 +0000 UTC,2019-09-21 17:49:00 +0000 UTC,{13.043767 77.616354},{12.963625 77.534555},true,17161.200000m,cab 20
263,4,2019-09-21 17:00:00 +0000 UTC,2019-09-21 18:19:00 +0000 UTC,{13.043767 77.616354},{13.080840 77.447300},true,24470.800000m,cab 22
275,4,2019-09-21 17:00:00 +0000 UTC,2019-09-21 17:52:00 +0000 UTC,{13.043767 77.616354},{12.983319 77.487872},true,19515.600000m,cab 17
282,4,2019-09-21 17:00:00 +0000 UTC,2019-09-21 17:52:00 +0000 UTC,{13.043767 77.616354},{12.907234 77.565569},true,20035.300000m,cab 23
288,4,2019-09-21 17:00:00 +0000 UTC,2019-09-21 17:41:00 +0000 UTC,{13.043767 77.616354},{12.904275 77.601948},true,18132.000000m,cab 10
294,4,2019-09-21 17:00:00 +0000 UTC,2019-09-21 17:41:00 +0000 UTC,{13.043767 77.616354},{12.922274 77.619335},true,18971.700000m,cab 12
307,4,2019-09-21 17:00:00 +0000 UTC,2019-09-21 17:43:00 +0000 UTC,{13.043767 77.616354},{12.932727 77.539738},true,21242.700000m,cab 29
313,4,2019-09-21 17:00:00 +0000 UTC,2019-09-21 17:48:00 +0000 UTC,{13.043767 77.616354},{12.898341 77.618014},true,20627.600000m,cab 24
318,4,2019-09-21 17:00:00 +0000 UTC,2019-09-21 17:53:00 +0000 UTC,{13.043767 77.616354},{12.923206 77.666483},true,21442.500000m,cab 18
327,4,2019-09-21 17:00:00 +0000 UTC,2019-09-21 17:59:00 +0000 UTC,{13.043767 77.616354},{12.901750 77.517522},true,25224.600000m,cab 27
331,4,2019-09-21 17:00:00 +0000 UTC,2019-09-21 17:48:00 +0000 UTC,{13.043767 77.616354},{13.012926 77.760999},true,24836.400000m,cab 39
177,4,2019-09-21 21:30:00 +0000 UTC,2019-09-21 22:44:00 +0000 UTC,{12.991484 77.697790},{12.983163 77.488034},true,27378.000000m,cab 12
198,4,2019-09-21 21:30:00 +0000 UTC,2019-09-21 22:42:00 +0000 UTC,{12.991484 77.697790},{13.064544 77.515947},true,27701.900000m,cab 11
211,4,2019-09-21 21:30:00 +0000 UTC,2019-09-21 22:41:00 +0000 UTC,{12.991484 77.697790},{13.092045 77.533897},true,27785.700000m,cab 8
234,4,2019-09-21 21:30:00 +0000 UTC,2019-09-21 22:31:00 +0000 UTC,{12.991484 77.697790},{12.962160 77.522753},true,24402.000000m,cab 5
258,4,2019-09-21 21:33:00 +0000 UTC,2019-09-21 22:00:00 +0000 UTC,{12.993184 77.554342},{13.046322 77.621619},true,13966.500000m,cab 7
188,4,2019-09-21 10:32:00 +0000 UTC,2019-09-21 12:00:00 +0000 UTC,{13.008669 77.540371},{12.991484 77.697790},true,22243.700000m,cab 11
200,4,2019-09-21 10:30:00 +0000 UTC,2019-09-21 11:30:00 +0000 UTC,{12.913140 77.488896},{13.051540 77.595405},true,24073.400000m,cab 12
286,4,2019-09-21 10:58:00 +0000 UTC,2019-09-21 13:00:00 +0000 UTC,{12.874406 77.619476},{12.991898 77.703648},true,22474.900000m,cab 2
292,4,2019-09-21 10:54:00 +0000 UTC,2019-09-21 13:00:00 +0000 UTC,{12.997860 77.564808},{12.991898 77.703648},true,18347.700000m,cab 1
276,4,2019-09-21 20:00:00 +0000 UTC,2019-09-21 20:32:00 +0000 UTC,{13.046322 77.621619},{13.091421 77.604799},true,9534.900000m,cab 21
326,4,2019-09-21 12:00:00 +0000 UTC,2019-09-21 15:00:00 +0000 UTC,{12.946964 77.680276},{13.051540 77.595405},true,23148.100000m,cab 42
330,4,2019-09-21 12:15:00 +0000 UTC,2019-09-21 15:00:00 +0000 UTC,{13.055537 77.609162},{13.051540 77.595405},true,2445.800000m,cab 12
12,4,2019-09-21 06:52:00 +0000 UTC,2019-09-21 08:00:00 +0000 UTC,{13.314480 77.562446},{13.043767 77.616354},true,36622.000000m,cab 36
75,4,2019-09-21 06:38:00 +0000 UTC,2019-09-21 08:00:00 +0000 UTC,{12.875877 77.617022},{13.043767 77.616354},true,23974.000000m,cab 10
111,4,2019-09-21 06:58:00 +0000 UTC,2019-09-21 08:00:00 +0000 UTC,{12.901750 77.517522},{13.043767 77.616354},true,25564.400000m,cab 2
126,4,2019-09-21 06:35:00 +0000 UTC,2019-09-21 08:00:00 +0000 UTC,{13.080840 77.447300},{13.043767 77.616354},true,25084.500000m,cab 28
220,4,2019-09-21 06:50:00 +0000 UTC,2019-09-21 08:30:00 +0000 UTC,{12.987154 77.504301},{12.982539 77.591772},true,12772.600000m,cab 8
254,4,2019-09-21 06:31:00 +0000 UTC,2019-09-21 08:16:00 +0000 UTC,{12.984188 77.443946},{12.921477 77.669084},true,34571.400000m,cab 30
285,4,2019-09-21 06:32:00 +0000 UTC,2019-09-21 08:07:00 +0000 UTC,{13.071137 77.556787},{12.921477 77.669084},true,28053.000000m,cab 5
291,4,2019-09-21 06:55:00 +0000 UTC,2019-09-21 08:15:00 +0000 UTC,{12.902679 77.591565},{12.992761 77.702147},true,21289.700000m,cab 3
20,4,2019-09-21 06:07:00 +0000 UTC,2019-09-21 07:00:00 +0000 UTC,{13.053195 77.607413},{12.920615 77.684075},true,22850.800000m,cab 9
172,4,2019-09-21 06:09:00 +0000 UTC,2019-09-21 07:58:00 +0000 UTC,{13.081724 77.548328},{12.921477 77.669084},true,29175.100000m,cab 11
247,4,2019-09-21 06:25:00 +0000 UTC,2019-09-21 07:30:00 +0000 UTC,{12.866234 77.591922},{12.920615 77.684075},true,16214.700000m,cab 1
24,4,2019-09-21 19:00:00 +0000 UTC,2019-09-21 20:21:00 +0000 UTC,{13.046322 77.621619},{12.930730 77.535586},true,20722.500000m,cab 16
63,4,2019-09-21 19:00:00 +0000 UTC,2019-09-21 19:53:00 +0000 UTC,{13.046322 77.621619},{12.913438 77.561890},true,19529.400000m,cab 18
114,4,2019-09-21 19:00:00 +0000 UTC,2019-09-21 20:01:00 +0000 UTC,{13.046322 77.621619},{13.018835 77.669295},true,7600.400000m,cab 15
122,4,2019-09-21 19:00:00 +0000 UTC,2019-09-21 20:11:00 +0000 UTC,{13.046322 77.621619},{12.972917 77.631630},true,11131.400000m,cab 17
129,4,2019-09-21 19:01:00 +0000 UTC,2019-09-21 19:50:00 +0000 UTC,{12.897784 77.583564},{12.921477 77.669084},true,13752.400000m,cab 3
125,4,2019-09-21 04:41:00 +0000 UTC,2019-09-21 05:00:00 +0000 UTC,{13.033040 77.622634},{13.046322 77.621619},true,2347.800000m,cab 24
132,4,2019-09-21 04:45:00 +0000 UTC,2019-09-21 06:00:00 +0000 UTC,{12.908864 77.662891},{13.046322 77.621619},true,22735.800000m,cab 25
146,4,2019-09-21 04:55:00 +0000 UTC,2019-09-21 06:00:00 +0000 UTC,{12.966663 77.666893},{13.046322 77.621619},true,15182.700000m,cab 5
206,4,2019-09-21 04:50:00 +0000 UTC,2019-09-21 06:00:00 +0000 UTC,{12.930815 77.546630},{13.046322 77.621619},true,19190.900000m,cab 26
225,4,2019-09-21 04:55:00 +0000 UTC,2019-09-21 06:00:00 +0000 UTC,{12.975775 77.560151},{13.046322 77.621619},true,14295.200000m,cab 1
236,4,2019-09-21 04:50:00 +0000 UTC,2019-09-21 06:00:00 +0000 UTC,{12.998204 77.724431},{13.046322 77.621619},true,16518.700000m,cab 8
290,4,2019-09-21 04:30:00 +0000 UTC,2019-09-21 05:30:00 +0000 UTC,{13.025296 77.618350},{12.920615 77.684075},true,21634.700000m,cab 9
296,4,2019-09-21 04:55:00 +0000 UTC,2019-09-21 06:00:00 +0000 UTC,{12.986000 77.532731},{13.046322 77.621619},true,17668.100000m,cab 27
309,4,2019-09-21 04:30:00 +0000 UTC,2019-09-21 05:30:00 +0000 UTC,{12.893406 77.625798},{12.920615 77.684075},true,10400.500000m,cab 19
167,4,2019-09-21 07:32:00 +0000 UTC,2019-09-21 08:30:00 +0000 UTC,{12.924701 77.668761},{12.982539 77.591772},true,13618.600000m,cab 40
187,4,2019-09-21 07:30:00 +0000 UTC,2019-09-21 08:30:00 +0000 UTC,{12.973535 77.709541},{12.982539 77.591772},true,16480.900000m,cab 35
194,4,2019-09-21 07:30:00 +0000 UTC,2019-09-21 08:30:00 +0000 UTC,{12.927855 77.625350},{12.982539 77.591772},true,8466.600000m,cab 39
207,4,2019-09-21 07:30:00 +0000 UTC,2019-09-21 08:20:00 +0000 UTC,{13.026472 77.773993},{12.982539 77.591772},true,26169.400000m,cab 9
315,4,2019-09-21 07:50:00 +0000 UTC,2019-09-21 09:20:00 +0000 UTC,{12.987812 77.767290},{12.919648 77.668352},true,16492.700000m,cab 12
320,4,2019-09-21 07:45:00 +0000 UTC,2019-09-21 09:15:00 +0000 UTC,{12.956544 77.573699},{12.919648 77.668352},true,12911.000000m,cab 41
329,4,2019-09-21 07:30:00 +0000 UTC,2019-09-21 09:56:00 +0000 UTC,{13.066786 77.601229},{12.921477 77.669084},true,25904.600000m,cab 42
14,4,2019-09-21 13:26:00 +0000 UTC,2019-09-21 15:00:00 +0000 UTC,{13.015579 77.546895},{12.991484 77.697790},true,22278.900000m,cab 1
31,4,2019-09-21 13:00:00 +0000 UTC,2019-09-21 13:43:00 +0000 UTC,{12.920615 77.684075},{13.038284 77.661865},true,18192.600000m,cab 8
40,4,2019-09-21 13:00:00 +0000 UTC,2019-09-21 13:59:00 +0000 UTC,{12.920615 77.684075},{12.778159 77.771219},true,26919.500000m,cab 4
16,4,2019-09-21 18:30:00 +0000 UTC,2019-09-21 20:50:00 +0000 UTC,{13.051540 77.595405},{12.969689 77.504301},true,16982.800000m,cab 14
71,4,2019-09-21 18:30:00 +0000 UTC,2019-09-21 20:30:00 +0000 UTC,{13.051540 77.595405},{12.949271 77.688766},true,21210.800000m,cab 9
100,4,2019-09-21 18:30:00 +0000 UTC,2019-09-21 20:30:00 +0000 UTC,{13.051540 77.595405},{12.923348 77.505506},true,22223.000000m,cab 13
107,4,2019-09-21 18:50:00 +0000 UTC,2019-09-21 19:00:00 +0000 UTC,{13.033512 77.609044},{13.046322 77.621619},true,2919.900000m,cab 8
251,4,2019-09-21 18:30:00 +0000 UTC,2019-09-21 18:53:00 +0000 UTC,{12.991484 77.697790},{12.931352 77.510708},true,25498.600000m,cab 12
25,4,2019-09-21 22:14:00 +0000 UTC,2019-09-21 23:00:00 +0000 UTC,{12.952663 77.533570},{12.920615 77.684075},true,21214.000000m,cab 9
42,4,2019-09-21 22:00:00 +0000 UTC,2019-09-21 23:35:00 +0000 UTC,{13.043767 77.616354},{12.913140 77.488896},true,25025.800000m,cab 20
50,4,2019-09-21 22:11:00 +0000 UTC,2019-09-21 23:00:00 +0000 UTC,{13.019869 77.637862},{12.920615 77.684075},true,17620.200000m,cab 2
57,4,2019-09-21 22:00:00 +0000 UTC,2019-09-21 23:35:00 +0000 UTC,{13.043767 77.616354},{12.898649 77.870870},true,40171.900000m,cab 13
64,4,2019-09-21 22:00:00 +0000 UTC,2019-09-21 23:45:00 +0000 UTC,{13.043767 77.616354},{12.802097 77.704895},true,34236.300000m,cab 30
94,4,2019-09-21 22:00:00 +0000 UTC,2019-09-21 23:40:00 +0000 UTC,{13.043767 77.616354},{12.896927 77.720528},true,25987.400000m,cab 31
108,4,2019-09-21 22:00:00 +0000 UTC,2019-09-21 23:32:00 +0000 UTC,{13.043767 77.616354},{12.892642 77.670899},true,25267.600000m,cab 14
115,4,2019-09-21 22:00:00 +0000 UTC,2019-09-21 23:38:00 +0000 UTC,{13.043767 77.616354},{12.840260 77.693219},true,30668.600000m,cab 28
123,4,2019-09-21 22:00:00 +0000 UTC,2019-09-21 23:26:00 +0000 UTC,{13.043767 77.616354},{12.932770 77.600471},true,16093.000000m,cab 29
130,4,2019-09-21 22:00:00 +0000 UTC,2019-09-21 23:24:00 +0000 UTC,{13.043767 77.616354},{12.890857 77.632690},true,22309.900000m,cab 39
137,4,2019-09-21 22:00:00 +0000 UTC,2019-09-21 23:30:00 +0000 UTC,{13.043767 77.616354},{12.859768 77.590015},true,23263.500000m,cab 34
144,4,2019-09-21 22:00:00 +0000 UTC,2019-09-21 23:33:00 +0000 UTC,{13.043767 77.616354},{12.921906 77.563005},true,19688.300000m,cab 21
151,4,2019-09-21 22:00:00 +0000 UTC,2019-09-21 00:08:00 +0000 UTC,{13.043767 77.616354},{12.975287 77.573748},true,12636.100000m,cab 20
158,4,2019-09-21 22:00:00 +0000 UTC,2019-09-21 00:01:00 +0000 UTC,{13.043767 77.616354},{12.897495 77.540240},true,23905.200000m,cab 34
165,4,2019-09-21 22:00:00 +0000 UTC,2019-09-21 23:22:00 +0000 UTC,{13.043767 77.616354},{12.923305 77.553345},true,19918.700000m,cab 33
171,4,2019-09-21 22:00:00 +0000 UTC,2019-09-21 23:33:00 +0000 UTC,{13.043767 77.616354},{12.852551 77.619517},true,30421.500000m,cab 16
204,4,2019-09-21 22:00:00 +0000 UTC,2019-09-21 22:30:00 +0000 UTC,{12.849120 77.658289},{12.965792 77.562021},true,19842.400000m,cab 37
217,4,2019-09-21 22:00:00 +0000 UTC,2019-09-21 23:20:00 +0000 UTC,{13.043767 77.616354},{12.971938 77.654063},true,13779.200000m,cab 22
229,4,2019-09-21 22:00:00 +0000 UTC,2019-09-21 23:15:00 +0000 UTC,{13.043767 77.616354},{13.046032 77.682692},true,10669.500000m,cab 17
246,4,2019-09-21 22:00:00 +0000 UTC,2019-09-21 22:43:00 +0000 UTC,{13.046322 77.621619},{13.167672 77.562664},true,20598.800000m,cab 15
252,4,2019-09-21 22:01:00 +0000 UTC,2019-09-21 23:00:00 +0000 UTC,{12.913511 77.559027},{12.920615 77.684075},true,16920.200000m,cab 36
270,4,2019-09-21 22:04:00 +0000 UTC,2019-09-21 23:00:00 +0000 UTC,{12.992211 77.593757},{12.920615 77.684075},true,19361.900000m,cab 25
289,4,2019-09-21 22:02:00 +0000 UTC,2019-09-21 23:00:00 +0000 UTC,{12.915320 77.622780},{13.046322 77.621619},true,17257.100000m,cab 27
295,4,2019-09-21 22:00:00 +0000 UTC,2019-09-21 22:41:00 +0000 UTC,{12.920615 77.684075},{13.018431 77.693253},true,16692.500000m,cab 24
308,4,2019-09-21 22:00:00 +0000 UTC,2019-09-21 22:41:00 +0000 UTC,{13.046322 77.621619},{12.959292 77.518335},true,20260.800000m,cab 18
314,4,2019-09-21 22:00:00 +0000 UTC,2019-09-21 22:26:00 +0000 UTC,{12.920615 77.684075},{12.992318 77.716051},true,13143.400000m,cab 23
319,4,2019-09-21 22:00:00 +0000 UTC,2019-09-21 23:02:00 +0000 UTC,{12.920615 77.684075},{12.888206 77.516102},true,24253.700000m,cab 19
324,4,2019-09-21 22:00:00 +0000 UTC,2019-09-21 22:29:00 +0000 UTC,{12.920615 77.684075},{12.894884 77.620319},true,11650.200000m,cab 35
328,4,2019-09-21 22:00:00 +0000 UTC,2019-09-21 23:05:00 +0000 UTC,{12.920615 77.684075},{12.866234 77.591922},true,16369.200000m,cab 32
332,4,2019-09-21 22:00:00 +0000 UTC,2019-09-21 23:01:00 +0000 UTC,{13.046322 77.621619},{13.036358 77.630702},true,2016.300000m,cab 38
48,4,2019-09-21 15:30:00 +0000 UTC,2019-09-21 17:40:00 +0000 UTC,{13.051540 77.595405},{12.949271 77.688766},true,21210.800000m,cab 1
56,4,2019-09-21 15:30:00 +0000 UTC,2019-09-21 18:00:00 +0000 UTC,{13.051540 77.595405},{12.883915 77.550540},true,21989.700000m,cab 9
62,4,2019-09-21 15:32:00 +0000 UTC,2019-09-21 17:00:00 +0000 UTC,{13.050061 77.490195},{12.991484 77.697790},true,33946.400000m,cab 19
70,4,2019-09-21 15:56:00 +0000 UTC,2019-09-21 16:30:00 +0000 UTC,{13.121319 77.620153},{13.043767 77.616354},true,13719.100000m,cab 12
77,4,2019-09-21 15:49:00 +0000 UTC,2019-09-21 17:21:00 +0000 UTC,{12.987450 77.493509},{12.921477 77.669084},true,28940.700000m,cab 14
149,4,2019-09-21 15:41:00 +0000 UTC,2019-09-21 16:00:00 +0000 UTC,{13.036595 77.653478},{13.046322 77.621619},true,6340.500000m,cab 8
250,4,2019-09-21 15:32:00 +0000 UTC,2019-09-21 16:30:00 +0000 UTC,{12.875610 77.543778},{12.920615 77.684075},true,19987.500000m,cab 10
300,4,2019-09-21 15:39:00 +0000 UTC,2019-09-21 17:00:00 +0000 UTC,{13.034879 77.564336},{12.991484 77.697790},true,19986.700000m,cab 3
323,4,2019-09-21 15:30:00 +0000 UTC,2019-09-21 17:15:00 +0000 UTC,{13.051540 77.595405},{12.943908 77.713782},true,22221.200000m,cab 2
306,4,2019-09-21 14:25:00 +0000 UTC,2019-09-21 15:00:00 +0000 UTC,{13.002995 77.662520},{13.046322 77.621619},true,8180.500000m,cab 3
26,4,2019-09-21 00:30:00 +0000 UTC,2019-09-21 01:45:00 +0000 UTC,{13.051540 77.595405},{13.019650 77.731800},true,19639.600000m,cab 7
43,4,2019-09-21 00:30:00 +0000 UTC,2019-09-21 01:20:00 +0000 UTC,{13.051540 77.595405},{13.094993 77.572691},true,10222.000000m,cab 13
51,4,2019-09-21 00:30:00 +0000 UTC,2019-09-21 01:35:00 +0000 UTC,{13.051540 77.595405},{12.968389 77.701357},true,18628.700000m,cab 6
80,4,2019-09-21 00:30:00 +0000 UTC,2019-09-21 01:30:00 +0000 UTC,{13.051540 77.595405},{12.971397 77.639103},true,14569.700000m,cab 9
116,4,2019-09-21 00:30:00 +0000 UTC,2019-09-21 02:00:00 +0000 UTC,{13.051540 77.595405},{12.873658 77.707181},true,31252.200000m,cab 8
152,4,2019-09-21 00:30:00 +0000 UTC,2019-09-21 01:30:00 +0000 UTC,{13.051540 77.595405},{12.963625 77.534555},true,15270.700000m,cab 15
159,4,2019-09-21 00:30:00 +0000 UTC,2019-09-21 01:30:00 +0000 UTC,{13.051540 77.595405},{12.959619 77.529889},true,18135.400000m,cab 5
178,4,2019-09-21 00:30:00 +0000 UTC,2019-09-21 01:45:00 +0000 UTC,{13.051540 77.595405},{12.873658 77.707181},true,31252.200000m,cab 11
185,4,2019-09-21 00:30:00 +0000 UTC,2019-09-21 01:35:00 +0000 UTC,{13.051540 77.595405},{12.971231 77.682001},true,18481.600000m,cab 17
192,4,2019-09-21 00:30:00 +0000 UTC,2019-09-21 01:30:00 +0000 UTC,{13.051540 77.595405},{13.002392 77.550850},true,9842.900000m,cab 18
205,4,2019-09-21 00:30:00 +0000 UTC,2019-09-21 01:45:00 +0000 UTC,{13.051540 77.595405},{12.898389 77.573405},true,19313.700000m,cab 14
218,4,2019-09-21 00:30:00 +0000 UTC,2019-09-21 01:40:00 +0000 UTC,{13.051540 77.595405},{12.963014 77.658236},true,17353.800000m,cab 16
224,4,2019-09-21 00:30:00 +0000 UTC,2019-09-21 01:45:00 +0000 UTC,{13.051540 77.595405},{12.916327 77.558487},true,18964.400000m,cab 12
235,4,2019-09-21 00:30:00 +0000 UTC,2019-09-21 01:40:00 +0000 UTC,{13.051540 77.595405},{12.957547 77.709795},true,22933.200000m,cab 10
52,4,2019-09-21 02:30:00 +0000 UTC,2019-09-21 02:48:00 +0000 UTC,{12.920615 77.684075},{12.918375 77.633980},true,8068.300000m,cab 1
117,4,2019-09-21 02:55:00 +0000 UTC,2019-09-21 04:00:00 +0000 UTC,{12.782893 77.658157},{12.920615 77.684075},true,23830.900000m,cab 8
186,4,2019-09-21 02:48:00 +0000 UTC,2019-09-21 05:00:00 +0000 UTC,{12.778159 77.771219},{13.046322 77.621619},true,40468.800000m,cab 11
173,4,2019-09-21 09:21:00 +0000 UTC,2019-09-21 11:00:00 +0000 UTC,{12.904830 77.867768},{12.992761 77.702147},true,25797.600000m,cab 47
243,4,2019-09-21 09:15:00 +0000 UTC,2019-09-21 11:00:00 +0000 UTC,{12.784799 77.621642},{12.991484 77.697790},true,37030.600000m,cab 5
248,4,2019-09-21 09:15:00 +0000 UTC,2019-09-21 11:00:00 +0000 UTC,{12.962731 77.519426},{12.991484 77.697790},true,23734.600000m,cab 6
298,4,2019-09-21 09:20:00 +0000 UTC,2019-09-21 11:00:00 +0000 UTC,{12.976301 77.620038},{12.992761 77.702147},true,10323.000000m,cab 3
2,4,2019-09-21 03:43:00 +0000 UTC,2019-09-21 04:30:00 +0000 UTC,{12.913910 77.610169},{13.043767 77.616354},true,18728.200000m,cab 5
66,4,2019-09-21 03:41:00 +0000 UTC,2019-09-21 04:00:00 +0000 UTC,{12.987945 77.619522},{13.046322 77.621619},true,8583.600000m,cab 9
89,4,2019-09-21 03:48:00 +0000 UTC,2019-09-21 05:00:00 +0000 UTC,{12.983572 77.529561},{12.920615 77.684075},true,22014.500000m,cab 13
153,4,2019-09-21 03:43:00 +0000 UTC,2019-09-21 05:00:00 +0000 UTC,{12.988618 77.538286},{12.920615 77.684075},true,21940.600000m,cab 10
160,4,2019-09-21 03:50:00 +0000 UTC,2019-09-21 05:00:00 +0000 UTC,{12.987859 77.519022},{12.920615 77.684075},true,27507.500000m,cab 12
179,4,2019-09-21 03:40:00 +0000 UTC,2019-09-21 05:00:00 +0000 UTC,{12.890936 77.599370},{13.046322 77.621619},true,19803.600000m,cab 3
193,4,2019-09-21 03:45:00 +0000 UTC,2019-09-21 05:00:00 +0000 UTC,{12.904843 77.455534},{13.046322 77.621619},true,31999.100000m,cab 14
6,4,2019-09-21 11:37:00 +0000 UTC,2019-09-21 13:00:00 +0000 UTC,{12.933238 77.631035},{13.043767 77.616354},true,17823.400000m,cab 31
69,4,2019-09-21 11:42:00 +0000 UTC,2019-09-21 13:00:00 +0000 UTC,{12.966918 77.546996},{13.043767 77.616354},true,17076.500000m,cab 36
76,4,2019-09-21 11:30:00 +0000 UTC,2019-09-21 13:00:00 +0000 UTC,{12.932770 77.600471},{13.043767 77.616354},true,16226.000000m,cab 29
84,4,2019-09-21 11:30:00 +0000 UTC,2019-09-21 13:00:00 +0000 UTC,{12.921906 77.563005},{13.043767 77.616354},true,20770.400000m,cab 38
91,4,2019-09-21 11:35:00 +0000 UTC,2019-09-21 13:00:00 +0000 UTC,{12.923305 77.553345},{13.043767 77.616354},true,21913.800000m,cab 40
98,4,2019-09-21 11:35:00 +0000 UTC,2019-09-21 13:00:00 +0000 UTC,{12.890857 77.632690},{13.043767 77.616354},true,21791.100000m,cab 34
141,4,2019-09-21 11:32:00 +0000 UTC,2019-09-21 13:00:00 +0000 UTC,{12.847148 77.595128},{13.043767 77.616354},true,27124.900000m,cab 39
195,4,2019-09-21 11:37:00 +0000 UTC,2019-09-21 13:00:00 +0000 UTC,{12.980187 77.630522},{13.043767 77.616354},true,13577.100000m,cab 37
208,4,2019-09-21 11:40:00 +0000 UTC,2019-09-21 13:00:00 +0000 UTC,{12.971938 77.654063},{13.043767 77.616354},true,15051.800000m,cab 32
214,4,2019-09-21 11:43:00 +0000 UTC,2019-09-21 13:00:00 +0000 UTC,{13.046032 77.682692},{13.043767 77.616354},true,11860.700000m,cab 30
227,4,2019-09-21 11:30:00 +0000 UTC,2019-09-21 13:00:00 +0000 UTC,{13.070975 77.569912},{12.991484 77.697790},true,21169.900000m,cab 33
231,4,2019-09-21 11:36:00 +0000 UTC,2019-09-21 12:00:00 +0000 UTC,{12.911879 77.697789},{13.046322 77.621619},true,21910.100000m,cab 35
238,4,2019-09-21 11:30:00 +0000 UTC,2019-09-21 13:00:00 +0000 UTC,{12.906962 77.551213},{12.991484 77.697790},true,25641.400000m,cab 41
321,4,2019-09-21 11:42:00 +0000 UTC,2019-09-21 12:00:00 +0000 UTC,{12.968179 77.635474},{13.046322 77.621619},true,13325.900000m,cab 28
34,4,2019-09-21 22:30:00 +0000 UTC,2019-09-21 23:30:00 +0000 UTC,{12.991484 77.697790},{12.982990 77.538765},true,22193.500000m,cab 7
72,4,2019-09-21 22:30:00 +0000 UTC,2019-09-21 23:18:00 +0000 UTC,{12.991484 77.697790},{12.993541 77.537750},true,21015.300000m,cab 40
79,4,2019-09-21 22:30:00 +0000 UTC,2019-09-21 23:45:00 +0000 UTC,{12.991484 77.697790},{13.136513 77.569286},true,27199.400000m,cab 3
87,4,2019-09-21 22:45:00 +0000 UTC,2019-09-21 23:00:00 +0000 UTC,{13.038375 77.597587},{13.046322 77.621619},true,4009.800000m,cab 4
101,4,2019-09-21 22:30:00 +0000 UTC,2019-09-21 23:39:00 +0000 UTC,{12.991484 77.697790},{13.005933 77.529227},true,21934.200000m,cab 41
85,4,2019-09-21 15:03:00 +0000 UTC,2019-09-21 16:05:00 +0000 UTC,{13.030916 77.561591},{12.921477 77.669084},true,23321.800000m,cab 24
175,4,2019-09-21 15:00:00 +0000 UTC,2019-09-21 15:00:00 +0000 UTC,{12.975675 77.587732},{12.920615 77.684075},true,16321.100000m,cab 10
196,4,2019-09-21 15:00:00 +0000 UTC,2019-09-21 15:44:00 +0000 UTC,{13.046322 77.621619},{13.032462 77.687926},true,10426.100000m,cab 23
209,4,2019-09-21 15:00:00 +0000 UTC,2019-09-21 15:16:00 +0000 UTC,{13.046322 77.621619},{12.967988 77.523246},true,20410.600000m,cab 18
215,4,2019-09-21 15:00:00 +0000 UTC,2019-09-21 16:00:00 +0000 UTC,{13.046322 77.621619},{13.137855 77.352098},true,37681.800000m,cab 6
256,4,2019-09-21 15:00:00 +0000 UTC,2019-09-21 15:44:00 +0000 UTC,{13.046322 77.621619},{12.943432 77.541905},true,17932.100000m,cab 21
262,4,2019-09-21 15:00:00 +0000 UTC,2019-09-21 15:15:00 +0000 UTC,{13.046322 77.621619},{13.040728 77.624973},true,1508.700000m,cab 25
268,4,2019-09-21 15:00:00 +0000 UTC,2019-09-21 15:09:00 +0000 UTC,{13.046322 77.621619},{13.067463 77.598297},true,8072.900000m,cab 19
274,4,2019-09-21 15:00:00 +0000 UTC,2019-09-21 15:31:00 +0000 UTC,{13.046322 77.621619},{12.953491 77.709347},true,16962.500000m,cab 20
293,4,2019-09-21 15:00:00 +0000 UTC,2019-09-21 15:30:00 +0000 UTC,{13.046322 77.621619},{13.065414 77.553923},true,11456.100000m,cab 16
86,4,2019-09-21 18:07:00 +0000 UTC,2019-09-21 20:50:00 +0000 UTC,{12.992736 77.703613},{13.081459 77.548329},true,25610.200000m,cab 10
93,4,2019-09-21 18:19:00 +0000 UTC,2019-09-21 20:00:00 +0000 UTC,{12.923276 77.664447},{13.043767 77.616354},true,22513.100000m,cab 5
136,4,2019-09-21 18:22:00 +0000 UTC,2019-09-21 20:00:00 +0000 UTC,{12.910363 77.603828},{13.043767 77.616354},true,19327.400000m,cab 7
143,4,2019-09-21 18:12:00 +0000 UTC,2019-09-21 20:00:00 +0000 UTC,{12.891701 77.615112},{13.043767 77.616354},true,21865.400000m,cab 2
203,4,2019-09-21 18:18:00 +0000 UTC,2019-09-21 20:00:00 +0000 UTC,{12.916272 77.651642},{13.043767 77.616354},true,21490.700000m,cab 4
216,4,2019-09-21 18:06:00 +0000 UTC,2019-09-21 20:00:00 +0000 UTC,{12.854852 77.668036},{13.043767 77.616354},true,26908.000000m,cab 1
166,4,2019-09-21 05:33:00 +0000 UTC,2019-09-21 06:14:00 +0000 UTC,{12.926402 77.514499},{12.921477 77.669084},true,23004.500000m,cab 10
212,4,2019-09-21 05:50:00 +0000 UTC,2019-09-21 07:00:00 +0000 UTC,{12.896546 77.570985},{12.920615 77.684075},true,16589.500000m,cab 4
242,4,2019-09-21 05:45:00 +0000 UTC,2019-09-21 07:00:00 +0000 UTC,{12.900897 77.484840},{13.046322 77.621619},true,27220.400000m,cab 35
271,4,2019-09-21 05:45:00 +0000 UTC,2019-09-21 07:00:00 +0000 UTC,{12.985194 77.764191},{13.046322 77.621619},true,21429.100000m,cab 6
303,4,2019-09-21 05:50:00 +0000 UTC,2019-09-21 07:00:00 +0000 UTC,{12.983834 77.484593},{13.046322 77.621619},true,22037.900000m,cab 7
174,4,2019-09-21 13:30:00 +0000 UTC,2019-09-21 14:11:00 +0000 UTC,{13.043767 77.616354},{12.927472 77.616101},true,16933.400000m,cab 2
201,4,2019-09-21 13:30:00 +0000 UTC,2019-09-21 14:28:00 +0000 UTC,{13.043767 77.616354},{12.893851 77.636666},true,22772.400000m,cab 6
244,4,2019-09-21 13:30:00 +0000 UTC,2019-09-21 14:10:00 +0000 UTC,{13.043767 77.616354},{12.921825 77.609414},true,16916.300000m,cab 5
249,4,2019-09-21 13:30:00 +0000 UTC,2019-09-21 14:13:00 +0000 UTC,{13.043767 77.616354},{12.958088 77.518973},true,19487.900000m,cab 7
317,4,2019-09-21 13:35:00 +0000 UTC,2019-09-21 15:00:00 +0000 UTC,{12.916464 77.540321},{12.991484 77.697790},true,24422.100000m,cab 9
322,4,2019-09-21 13:33:00 +0000 UTC,2019-09-21 14:00:00 +0000 UTC,{13.032472 77.608676},{13.046322 77.621619},true,3048.700000m,cab 3
299,4,2019-09-21 12:40:00 +0000 UTC,2019-09-21 14:15:00 +0000 UTC,{13.070844 77.673652},{12.849120 77.658289},true,33875.600000m,cab 10
9,4,2019-09-21 23:00:00 +0000 UTC,2019-09-21 23:45:00 +0000 UTC,{12.849120 77.658289},{12.912762 77.489381},true,30110.900000m,cab 1
277,4,2019-09-21 23:00:00 +0000 UTC,2019-09-21 23:20:00 +0000 UTC,{13.046322 77.621619},{13.014015 77.643590},true,5266.100000m,cab 10
302,4,2019-09-21 23:00:00 +0000 UTC,2019-09-21 23:50:00 +0000 UTC,{13.046322 77.621619},{12.986869 77.490711},true,20730.000000m,cab 5
11,4,2019-09-21 03:26:00 +0000 UTC,2019-09-21 04:30:00 +0000 UTC,{12.893851 77.636666},{13.043767 77.616354},true,21231.700000m,cab 1
27,4,2019-09-21 03:00:00 +0000 UTC,2019-09-21 04:00:00 +0000 UTC,{12.991244 77.664160},{12.920615 77.684075},true,12813.300000m,cab 4
36,4,2019-09-21 03:00:00 +0000 UTC,2019-09-21 04:00:00 +0000 UTC,{13.057247 77.627606},{13.046322 77.621619},true,2710.100000m,cab 2
44,4,2019-09-21 03:05:00 +0000 UTC,2019-09-21 04:00:00 +0000 UTC,{13.132036 77.607519},{13.046322 77.621619},true,13776.200000m,cab 19
81,4,2019-09-21 03:00:00 +0000 UTC,2019-09-21 04:00:00 +0000 UTC,{12.995365 77.572366},{13.046322 77.621619},true,11933.800000m,cab 7
65,4,2019-09-21 01:49:00 +0000 UTC,2019-09-21 02:00:00 +0000 UTC,{13.070999 77.618887},{13.046322 77.621619},true,6195.500000m,cab 1
73,4,2019-09-21 01:50:00 +0000 UTC,2019-09-21 03:00:00 +0000 UTC,{13.007586 77.525083},{12.920615 77.684075},true,30319.200000m,cab 3
223,4,2019-09-21 21:00:00 +0000 UTC,2019-09-21 21:50:00 +0000 UTC,{12.849120 77.658289},{12.946892 77.556024},true,19744.800000m,cab 9
241,4,2019-09-21 21:13:00 +0000 UTC,2019-09-21 22:21:00 +0000 UTC,{12.988396 77.441438},{12.921477 77.669084},true,34701.900000m,cab 10
264,4,2019-09-21 21:24:00 +0000 UTC,2019-09-21 22:00:00 +0000 UTC,{13.085290 77.553787},{13.046322 77.621619},true,16250.700000m,cab 4
